sample_id,split,category,label,original_video_path,processed_file_path,total_frames,valid_frames,feature_dimension,valid,failure_reason
1._loud_MVI_9448_0000,train,Adjectives,1. loud,Adjectives/1. loud/MVI_9448.MOV,data/landmarks/include50/1._loud_MVI_9448_0000.npz,56,56,258,True,
83._big_large_MVI_5204_0001,train,Adjectives,83. big large,Adjectives/83. big large/MVI_5204.MOV,data/landmarks/include50/83._big_large_MVI_5204_0001.npz,70,70,258,True,
2._quiet_MVI_5338_0002,train,Adjectives,2. quiet,Adjectives/2. quiet/MVI_5338.MOV,data/landmarks/include50/2._quiet_MVI_5338_0002.npz,45,45,258,True,
97._dry_MVI_5328_0003,train,Adjectives,97. dry,Adjectives/97. dry/MVI_5328.MOV,data/landmarks/include50/97._dry_MVI_5328_0003.npz,55,55,258,True,
78._long_MVI_5186_0004,train,Adjectives,78. long,Adjectives/78. long/MVI_5186.MOV,data/landmarks/include50/78._long_MVI_5186_0004.npz,64,64,258,True,
97._dry_MVI_9523_0005,train,Adjectives,97. dry,Adjectives/97. dry/MVI_9523.MOV,data/landmarks/include50/97._dry_MVI_9523_0005.npz,66,66,258,True,
83._big_large_MVI_9317_0006,train,Adjectives,83. big large,Adjectives/83. big large/MVI_9317.MOV,data/landmarks/include50/83._big_large_MVI_9317_0006.npz,48,48,258,True,
2._quiet_MVI_9452_0007,train,Adjectives,2. quiet,Adjectives/2. quiet/MVI_9452.MOV,data/landmarks/include50/2._quiet_MVI_9452_0007.npz,66,66,258,True,
79._short_MVI_9380_0008,train,Adjectives,79. short,Adjectives/79. short/MVI_9380.MOV,data/landmarks/include50/79._short_MVI_9380_0008.npz,53,53,258,True,
79._short_MVI_5270_0009,train,Adjectives,79. short,Adjectives/79. short/MVI_5270.MOV,data/landmarks/include50/79._short_MVI_5270_0009.npz,51,51,258,True,
91._new_MVI_9502_0010,train,Adjectives,91. new,Adjectives/91. new/MVI_9502.MOV,data/landmarks/include50/91._new_MVI_9502_0010.npz,52,52,258,True,
2._quiet_MVI_9371_0011,train,Adjectives,2. quiet,Adjectives/2. quiet/MVI_9371.MOV,data/landmarks/include50/2._quiet_MVI_9371_0011.npz,48,48,258,True,
79._short_MVI_9382_0012,train,Adjectives,79. short,Adjectives/79. short/MVI_9382.MOV,data/landmarks/include50/79._short_MVI_9382_0012.npz,45,45,258,True,
91._new_MVI_9421_0013,train,Adjectives,91. new,Adjectives/91. new/MVI_9421.MOV,data/landmarks/include50/91._new_MVI_9421_0013.npz,63,63,258,True,
87._hot_MVI_5136_0014,train,Adjectives,87. hot,Adjectives/87. hot/MVI_5136.MOV,data/landmarks/include50/87._hot_MVI_5136_0014.npz,71,71,258,True,
2._quiet_MVI_5339_0015,train,Adjectives,2. quiet,Adjectives/2. quiet/MVI_5339.MOV,data/landmarks/include50/2._quiet_MVI_5339_0015.npz,52,52,258,True,
1._loud_MVI_5336_0016,train,Adjectives,1. loud,Adjectives/1. loud/MVI_5336.MOV,data/landmarks/include50/1._loud_MVI_5336_0016.npz,42,42,258,True,
78._long_MVI_5108_0017,train,Adjectives,78. long,Adjectives/78. long/MVI_5108.MOV,data/landmarks/include50/78._long_MVI_5108_0017.npz,78,78,258,True,
2._quiet_MVI_9538_0018,train,Adjectives,2. quiet,Adjectives/2. quiet/MVI_9538.MOV,data/landmarks/include50/2._quiet_MVI_9538_0018.npz,66,66,258,True,
94._good_MVI_5240_0019,train,Adjectives,94. good,Adjectives/94. good/MVI_5240.MOV,data/landmarks/include50/94._good_MVI_5240_0019.npz,65,65,258,True,
2._quiet_MVI_9453_0020,train,Adjectives,2. quiet,Adjectives/2. quiet/MVI_9453.MOV,data/landmarks/include50/2._quiet_MVI_9453_0020.npz,60,60,258,True,
97._dry_MVI_5167_0021,train,Adjectives,97. dry,Adjectives/97. dry/MVI_5167.MOV,data/landmarks/include50/97._dry_MVI_5167_0021.npz,68,68,258,True,
3._happy_MVI_9540_0022,train,Adjectives,3. happy,Adjectives/3. happy/MVI_9540.MOV,data/landmarks/include50/3._happy_MVI_9540_0022.npz,50,50,258,True,
83._big_large_MVI_5284_0023,train,Adjectives,83. big large,Adjectives/83. big large/MVI_5284.MOV,data/landmarks/include50/83._big_large_MVI_5284_0023.npz,55,55,258,True,
1._loud_MVI_9368_0024,train,Adjectives,1. loud,Adjectives/1. loud/MVI_9368.MOV,data/landmarks/include50/1._loud_MVI_9368_0024.npz,47,47,258,True,
84._small_little_MVI_9236_0025,train,Adjectives,84. small little,Adjectives/84. small little/MVI_9236.MOV,data/landmarks/include50/84._small_little_MVI_9236_0025.npz,44,44,258,True,
91._new_MVI_5309_0026,train,Adjectives,91. new,Adjectives/91. new/MVI_5309.MOV,data/landmarks/include50/91._new_MVI_5309_0026.npz,46,46,258,True,
84._small_little_MVI_5287_0027,train,Adjectives,84. small little,Adjectives/84. small little/MVI_5287.MOV,data/landmarks/include50/84._small_little_MVI_5287_0027.npz,54,54,258,True,
94._good_MVI_9432_0028,train,Adjectives,94. good,Adjectives/94. good/MVI_9432.MOV,data/landmarks/include50/94._good_MVI_9432_0028.npz,59,59,258,True,
97._dry_MVI_9521_0029,train,Adjectives,97. dry,Adjectives/97. dry/MVI_9521.MOV,data/landmarks/include50/97._dry_MVI_9521_0029.npz,63,63,258,True,
87._hot_MVI_9409_0030,train,Adjectives,87. hot,Adjectives/87. hot/MVI_9409.MOV,data/landmarks/include50/87._hot_MVI_9409_0030.npz,66,66,258,True,
83._big_large_MVI_9234_0031,train,Adjectives,83. big large,Adjectives/83. big large/MVI_9234.MOV,data/landmarks/include50/83._big_large_MVI_9234_0031.npz,47,47,258,True,
84._small_little_MVI_5288_0032,train,Adjectives,84. small little,Adjectives/84. small little/MVI_5288.MOV,data/landmarks/include50/84._small_little_MVI_5288_0032.npz,38,38,258,True,
94._good_MVI_9349_0033,train,Adjectives,94. good,Adjectives/94. good/MVI_9349.MOV,data/landmarks/include50/94._good_MVI_9349_0033.npz,41,41,258,True,
3._happy_MVI_5185_0034,train,Adjectives,3. happy,Adjectives/3. happy/MVI_5185.MOV,data/landmarks/include50/3._happy_MVI_5185_0034.npz,78,78,258,True,
97._dry_MVI_9279_0035,train,Adjectives,97. dry,Adjectives/97. dry/MVI_9279.MOV,data/landmarks/include50/97._dry_MVI_9279_0035.npz,56,56,258,True,
78._long_MVI_5266_0036,train,Adjectives,78. long,Adjectives/78. long/MVI_5266.MOV,data/landmarks/include50/78._long_MVI_5266_0036.npz,69,69,258,True,
3._happy_MVI_9296_0037,train,Adjectives,3. happy,Adjectives/3. happy/MVI_9296.MOV,data/landmarks/include50/3._happy_MVI_9296_0037.npz,50,50,258,True,
78._long_MVI_5188_0038,train,Adjectives,78. long,Adjectives/78. long/MVI_5188.MOV,data/landmarks/include50/78._long_MVI_5188_0038.npz,51,51,258,True,
1._loud_MVI_9290_0039,train,Adjectives,1. loud,Adjectives/1. loud/MVI_9290.MOV,data/landmarks/include50/1._loud_MVI_9290_0039.npz,64,64,258,True,
87._hot_MVI_9328_0040,train,Adjectives,87. hot,Adjectives/87. hot/MVI_9328.MOV,data/landmarks/include50/87._hot_MVI_9328_0040.npz,52,52,258,True,
2._quiet_MVI_9293_0041,train,Adjectives,2. quiet,Adjectives/2. quiet/MVI_9293.MOV,data/landmarks/include50/2._quiet_MVI_9293_0041.npz,53,53,258,True,
94._good_MVI_9431_0042,train,Adjectives,94. good,Adjectives/94. good/MVI_9431.MOV,data/landmarks/include50/94._good_MVI_9431_0042.npz,59,59,258,True,
83._big_large_MVI_9318_0043,train,Adjectives,83. big large,Adjectives/83. big large/MVI_9318.MOV,data/landmarks/include50/83._big_large_MVI_9318_0043.npz,49,49,258,True,
2._quiet_MVI_5181_0044,train,Adjectives,2. quiet,Adjectives/2. quiet/MVI_5181.MOV,data/landmarks/include50/2._quiet_MVI_5181_0044.npz,74,74,258,True,
97._dry_MVI_5168_0045,train,Adjectives,97. dry,Adjectives/97. dry/MVI_5168.MOV,data/landmarks/include50/97._dry_MVI_5168_0045.npz,80,80,258,True,
83._big_large_MVI_5123_0046,train,Adjectives,83. big large,Adjectives/83. big large/MVI_5123.MOV,data/landmarks/include50/83._big_large_MVI_5123_0046.npz,54,54,258,True,
3._happy_MVI_5264_0047,train,Adjectives,3. happy,Adjectives/3. happy/MVI_5264.MOV,data/landmarks/include50/3._happy_MVI_5264_0047.npz,56,56,258,True,
78._long_MVI_9299_0048,train,Adjectives,78. long,Adjectives/78. long/MVI_9299.MOV,data/landmarks/include50/78._long_MVI_9299_0048.npz,50,50,258,True,
79._short_MVI_5112_0049,train,Adjectives,79. short,Adjectives/79. short/MVI_5112.MOV,data/landmarks/include50/79._short_MVI_5112_0049.npz,61,61,258,True,
78._long_MVI_5187_0050,train,Adjectives,78. long,Adjectives/78. long/MVI_5187.MOV,data/landmarks/include50/78._long_MVI_5187_0050.npz,60,60,258,True,
97._dry_MVI_5250_0051,train,Adjectives,97. dry,Adjectives/97. dry/MVI_5250.MOV,data/landmarks/include50/97._dry_MVI_5250_0051.npz,67,67,258,True,
87._hot_MVI_5217_0052,train,Adjectives,87. hot,Adjectives/87. hot/MVI_5217.MOV,data/landmarks/include50/87._hot_MVI_5217_0052.npz,66,66,258,True,
3._happy_MVI_9455_0053,train,Adjectives,3. happy,Adjectives/3. happy/MVI_9455.MOV,data/landmarks/include50/3._happy_MVI_9455_0053.npz,51,51,258,True,
91._new_MVI_9500_0054,train,Adjectives,91. new,Adjectives/91. new/MVI_9500.MOV,data/landmarks/include50/91._new_MVI_9500_0054.npz,56,56,258,True,
78._long_MVI_9460_0055,train,Adjectives,78. long,Adjectives/78. long/MVI_9460.MOV,data/landmarks/include50/78._long_MVI_9460_0055.npz,52,52,258,True,
91._new_MVI_5231_0056,train,Adjectives,91. new,Adjectives/91. new/MVI_5231.MOV,data/landmarks/include50/91._new_MVI_5231_0056.npz,62,62,258,True,
83._big_large_MVI_9316_0057,train,Adjectives,83. big large,Adjectives/83. big large/MVI_9316.MOV,data/landmarks/include50/83._big_large_MVI_9316_0057.npz,44,44,258,True,
84._small_little_MVI_5286_0058,train,Adjectives,84. small little,Adjectives/84. small little/MVI_5286.MOV,data/landmarks/include50/84._small_little_MVI_5286_0058.npz,52,52,258,True,
79._short_MVI_9221_0059,train,Adjectives,79. short,Adjectives/79. short/MVI_9221.MOV,data/landmarks/include50/79._short_MVI_9221_0059.npz,44,44,258,True,
78._long_MVI_9298_0060,train,Adjectives,78. long,Adjectives/78. long/MVI_9298.MOV,data/landmarks/include50/78._long_MVI_9298_0060.npz,53,53,258,True,
2._quiet_MVI_5182_0061,train,Adjectives,2. quiet,Adjectives/2. quiet/MVI_5182.MOV,data/landmarks/include50/2._quiet_MVI_5182_0061.npz,76,76,258,True,
97._dry_MVI_5169_0062,train,Adjectives,97. dry,Adjectives/97. dry/MVI_5169.MOV,data/landmarks/include50/97._dry_MVI_5169_0062.npz,82,82,258,True,
3._happy_MVI_9542_0063,train,Adjectives,3. happy,Adjectives/3. happy/MVI_9542.MOV,data/landmarks/include50/3._happy_MVI_9542_0063.npz,58,58,258,True,
94._good_MVI_9512_0064,train,Adjectives,94. good,Adjectives/94. good/MVI_9512.MOV,data/landmarks/include50/94._good_MVI_9512_0064.npz,50,50,258,True,
94._good_MVI_9511_0065,train,Adjectives,94. good,Adjectives/94. good/MVI_9511.MOV,data/landmarks/include50/94._good_MVI_9511_0065.npz,56,56,258,True,
3._happy_MVI_9375_0066,train,Adjectives,3. happy,Adjectives/3. happy/MVI_9375.MOV,data/landmarks/include50/3._happy_MVI_9375_0066.npz,41,41,258,True,
87._hot_MVI_5295_0067,train,Adjectives,87. hot,Adjectives/87. hot/MVI_5295.MOV,data/landmarks/include50/87._hot_MVI_5295_0067.npz,56,56,258,True,
91._new_MVI_5229_0068,train,Adjectives,91. new,Adjectives/91. new/MVI_5229.MOV,data/landmarks/include50/91._new_MVI_5229_0068.npz,54,54,258,True,
1._loud_MVI_9370_0069,train,Adjectives,1. loud,Adjectives/1. loud/MVI_9370.MOV,data/landmarks/include50/1._loud_MVI_9370_0069.npz,46,46,258,True,
79._short_MVI_5110_0070,train,Adjectives,79. short,Adjectives/79. short/MVI_5110.MOV,data/landmarks/include50/79._short_MVI_5110_0070.npz,62,62,258,True,
79._short_MVI_5110_0071,train,Adjectives,79. short,Adjectives/79. short/MVI_5110.MOV,data/landmarks/include50/79._short_MVI_5110_0071.npz,62,62,258,True,
97._dry_MVI_9439_0072,train,Adjectives,97. dry,Adjectives/97. dry/MVI_9439.MOV,data/landmarks/include50/97._dry_MVI_9439_0072.npz,63,63,258,True,
91._new_MVI_9260_0073,train,Adjectives,91. new,Adjectives/91. new/MVI_9260.MOV,data/landmarks/include50/91._new_MVI_9260_0073.npz,49,49,258,True,
79._short_MVI_9381_0074,train,Adjectives,79. short,Adjectives/79. short/MVI_9381.MOV,data/landmarks/include50/79._short_MVI_9381_0074.npz,47,47,258,True,
94._good_MVI_5238_0075,train,Adjectives,94. good,Adjectives/94. good/MVI_5238.MOV,data/landmarks/include50/94._good_MVI_5238_0075.npz,49,49,258,True,
97._dry_MVI_5326_0076,train,Adjectives,97. dry,Adjectives/97. dry/MVI_5326.MOV,data/landmarks/include50/97._dry_MVI_5326_0076.npz,60,60,258,True,
83._big_large_MVI_5124_0077,train,Adjectives,83. big large,Adjectives/83. big large/MVI_5124.MOV,data/landmarks/include50/83._big_large_MVI_5124_0077.npz,61,61,258,True,
1._loud_MVI_5335_0078,train,Adjectives,1. loud,Adjectives/1. loud/MVI_5335.MOV,data/landmarks/include50/1._loud_MVI_5335_0078.npz,45,45,258,True,
87._hot_MVI_5296_0079,train,Adjectives,87. hot,Adjectives/87. hot/MVI_5296.MOV,data/landmarks/include50/87._hot_MVI_5296_0079.npz,56,56,258,True,
91._new_MVI_9422_0080,train,Adjectives,91. new,Adjectives/91. new/MVI_9422.MOV,data/landmarks/include50/91._new_MVI_9422_0080.npz,47,47,258,True,
91._new_MVI_9341_0081,train,Adjectives,91. new,Adjectives/91. new/MVI_9341.MOV,data/landmarks/include50/91._new_MVI_9341_0081.npz,49,49,258,True,
94._good_MVI_9269_0082,train,Adjectives,94. good,Adjectives/94. good/MVI_9269.MOV,data/landmarks/include50/94._good_MVI_9269_0082.npz,48,48,258,True,
84._small_little_MVI_5128_0083,train,Adjectives,84. small little,Adjectives/84. small little/MVI_5128.MOV,data/landmarks/include50/84._small_little_MVI_5128_0083.npz,62,62,258,True,
84._small_little_MVI_5126_0084,train,Adjectives,84. small little,Adjectives/84. small little/MVI_5126.MOV,data/landmarks/include50/84._small_little_MVI_5126_0084.npz,83,83,258,True,
91._new_MVI_9342_0085,train,Adjectives,91. new,Adjectives/91. new/MVI_9342.MOV,data/landmarks/include50/91._new_MVI_9342_0085.npz,47,47,258,True,
91._new_MVI_9259_0086,train,Adjectives,91. new,Adjectives/91. new/MVI_9259.MOV,data/landmarks/include50/91._new_MVI_9259_0086.npz,46,46,258,True,
79._short_MVI_9463_0087,train,Adjectives,79. short,Adjectives/79. short/MVI_9463.MOV,data/landmarks/include50/79._short_MVI_9463_0087.npz,56,56,258,True,
1._loud_MVI_9450_0088,train,Adjectives,1. loud,Adjectives/1. loud/MVI_9450.MOV,data/landmarks/include50/1._loud_MVI_9450_0088.npz,50,50,258,True,
83._big_large_MVI_9233_0089,train,Adjectives,83. big large,Adjectives/83. big large/MVI_9233.MOV,data/landmarks/include50/83._big_large_MVI_9233_0089.npz,48,48,258,True,
2._quiet_MVI_5260_0090,train,Adjectives,2. quiet,Adjectives/2. quiet/MVI_5260.MOV,data/landmarks/include50/2._quiet_MVI_5260_0090.npz,69,69,258,True,
97._dry_MVI_9277_0091,train,Adjectives,97. dry,Adjectives/97. dry/MVI_9277.MOV,data/landmarks/include50/97._dry_MVI_9277_0091.npz,57,57,258,True,
91._new_MVI_5308_0092,train,Adjectives,91. new,Adjectives/91. new/MVI_5308.MOV,data/landmarks/include50/91._new_MVI_5308_0092.npz,42,42,258,True,
97._dry_MVI_9278_0093,train,Adjectives,97. dry,Adjectives/97. dry/MVI_9278.MOV,data/landmarks/include50/97._dry_MVI_9278_0093.npz,62,62,258,True,
2._quiet_MVI_9451_0094,train,Adjectives,2. quiet,Adjectives/2. quiet/MVI_9451.MOV,data/landmarks/include50/2._quiet_MVI_9451_0094.npz,57,57,258,True,
1._loud_MVI_9449_0095,train,Adjectives,1. loud,Adjectives/1. loud/MVI_9449.MOV,data/landmarks/include50/1._loud_MVI_9449_0095.npz,47,47,258,True,
97._dry_MVI_9441_0096,train,Adjectives,97. dry,Adjectives/97. dry/MVI_9441.MOV,data/landmarks/include50/97._dry_MVI_9441_0096.npz,57,57,258,True,
94._good_MVI_5318_0097,train,Adjectives,94. good,Adjectives/94. good/MVI_5318.MOV,data/landmarks/include50/94._good_MVI_5318_0097.npz,44,44,258,True,
97._dry_MVI_5327_0098,train,Adjectives,97. dry,Adjectives/97. dry/MVI_5327.MOV,data/landmarks/include50/97._dry_MVI_5327_0098.npz,58,58,258,True,
1._loud_MVI_9291_0099,train,Adjectives,1. loud,Adjectives/1. loud/MVI_9291.MOV,data/landmarks/include50/1._loud_MVI_9291_0099.npz,63,63,258,True,
3._happy_MVI_5184_0100,train,Adjectives,3. happy,Adjectives/3. happy/MVI_5184.MOV,data/landmarks/include50/3._happy_MVI_5184_0100.npz,69,69,258,True,
1._loud_MVI_5337_0101,train,Adjectives,1. loud,Adjectives/1. loud/MVI_5337.MOV,data/landmarks/include50/1._loud_MVI_5337_0101.npz,48,48,258,True,
83._big_large_MVI_5205_0102,train,Adjectives,83. big large,Adjectives/83. big large/MVI_5205.MOV,data/landmarks/include50/83._big_large_MVI_5205_0102.npz,66,66,258,True,
79._short_MVI_5269_0103,train,Adjectives,79. short,Adjectives/79. short/MVI_5269.MOV,data/landmarks/include50/79._short_MVI_5269_0103.npz,51,51,258,True,
91._new_MVI_5148_0104,train,Adjectives,91. new,Adjectives/91. new/MVI_5148.MOV,data/landmarks/include50/91._new_MVI_5148_0104.npz,57,57,258,True,
97._dry_MVI_9440_0105,train,Adjectives,97. dry,Adjectives/97. dry/MVI_9440.MOV,data/landmarks/include50/97._dry_MVI_9440_0105.npz,58,58,258,True,
1._loud_MVI_5257_0106,train,Adjectives,1. loud,Adjectives/1. loud/MVI_5257.MOV,data/landmarks/include50/1._loud_MVI_5257_0106.npz,52,52,258,True,
1._loud_MVI_9535_0107,train,Adjectives,1. loud,Adjectives/1. loud/MVI_9535.MOV,data/landmarks/include50/1._loud_MVI_9535_0107.npz,65,65,258,True,
1._loud_MVI_5179_0108,train,Adjectives,1. loud,Adjectives/1. loud/MVI_5179.MOV,data/landmarks/include50/1._loud_MVI_5179_0108.npz,66,66,258,True,
87._hot_MVI_9249_0109,train,Adjectives,87. hot,Adjectives/87. hot/MVI_9249.MOV,data/landmarks/include50/87._hot_MVI_9249_0109.npz,48,48,258,True,
97._dry_MVI_5249_0110,train,Adjectives,97. dry,Adjectives/97. dry/MVI_5249.MOV,data/landmarks/include50/97._dry_MVI_5249_0110.npz,67,67,258,True,
87._hot_MVI_5137_0111,train,Adjectives,87. hot,Adjectives/87. hot/MVI_5137.MOV,data/landmarks/include50/87._hot_MVI_5137_0111.npz,56,56,258,True,
3._happy_MVI_5342_0112,train,Adjectives,3. happy,Adjectives/3. happy/MVI_5342.MOV,data/landmarks/include50/3._happy_MVI_5342_0112.npz,53,53,258,True,
79._short_MVI_9301_0113,train,Adjectives,79. short,Adjectives/79. short/MVI_9301.MOV,data/landmarks/include50/79._short_MVI_9301_0113.npz,49,49,258,True,
97._dry_MVI_9360_0114,train,Adjectives,97. dry,Adjectives/97. dry/MVI_9360.MOV,data/landmarks/include50/97._dry_MVI_9360_0114.npz,53,53,258,True,
2._quiet_MVI_5261_0115,train,Adjectives,2. quiet,Adjectives/2. quiet/MVI_5261.MOV,data/landmarks/include50/2._quiet_MVI_5261_0115.npz,63,63,258,True,
94._good_MVI_5316_0116,train,Adjectives,94. good,Adjectives/94. good/MVI_5316.MOV,data/landmarks/include50/94._good_MVI_5316_0116.npz,46,46,258,True,
94._good_MVI_9270_0117,train,Adjectives,94. good,Adjectives/94. good/MVI_9270.MOV,data/landmarks/include50/94._good_MVI_9270_0117.npz,46,46,258,True,
3._happy_MVI_9454_0118,train,Adjectives,3. happy,Adjectives/3. happy/MVI_9454.MOV,data/landmarks/include50/3._happy_MVI_9454_0118.npz,44,44,258,True,
3._happy_MVI_9295_0119,train,Adjectives,3. happy,Adjectives/3. happy/MVI_9295.MOV,data/landmarks/include50/3._happy_MVI_9295_0119.npz,48,48,258,True,
94._good_MVI_9510_0120,train,Adjectives,94. good,Adjectives/94. good/MVI_9510.MOV,data/landmarks/include50/94._good_MVI_9510_0120.npz,62,62,258,True,
83._big_large_MVI_5285_0121,train,Adjectives,83. big large,Adjectives/83. big large/MVI_5285.MOV,data/landmarks/include50/83._big_large_MVI_5285_0121.npz,51,51,258,True,
78._long_MVI_9378_0122,train,Adjectives,78. long,Adjectives/78. long/MVI_9378.MOV,data/landmarks/include50/78._long_MVI_9378_0122.npz,52,52,258,True,
87._hot_MVI_9488_0123,train,Adjectives,87. hot,Adjectives/87. hot/MVI_9488.MOV,data/landmarks/include50/87._hot_MVI_9488_0123.npz,65,65,258,True,
84._small_little_MVI_9398_0124,train,Adjectives,84. small little,Adjectives/84. small little/MVI_9398.MOV,data/landmarks/include50/84._small_little_MVI_9398_0124.npz,50,50,258,True,
87._hot_MVI_5218_0125,train,Adjectives,87. hot,Adjectives/87. hot/MVI_5218.MOV,data/landmarks/include50/87._hot_MVI_5218_0125.npz,66,66,258,True,
2._quiet_MVI_9294_0126,train,Adjectives,2. quiet,Adjectives/2. quiet/MVI_9294.MOV,data/landmarks/include50/2._quiet_MVI_9294_0126.npz,56,56,258,True,
3._happy_MVI_9541_0127,train,Adjectives,3. happy,Adjectives/3. happy/MVI_9541.MOV,data/landmarks/include50/3._happy_MVI_9541_0127.npz,57,57,258,True,
97._dry_MVI_9359_0128,train,Adjectives,97. dry,Adjectives/97. dry/MVI_9359.MOV,data/landmarks/include50/97._dry_MVI_9359_0128.npz,55,55,258,True,
87._hot_MVI_5138_0129,train,Adjectives,87. hot,Adjectives/87. hot/MVI_5138.MOV,data/landmarks/include50/87._hot_MVI_5138_0129.npz,49,49,258,True,
79._short_MVI_5189_0130,train,Adjectives,79. short,Adjectives/79. short/MVI_5189.MOV,data/landmarks/include50/79._short_MVI_5189_0130.npz,57,57,258,True,
78._long_MVI_9217_0131,train,Adjectives,78. long,Adjectives/78. long/MVI_9217.MOV,data/landmarks/include50/78._long_MVI_9217_0131.npz,52,52,258,True,
84._small_little_MVI_9319_0132,train,Adjectives,84. small little,Adjectives/84. small little/MVI_9319.MOV,data/landmarks/include50/84._small_little_MVI_9319_0132.npz,51,51,258,True,
3._happy_MVI_5341_0133,train,Adjectives,3. happy,Adjectives/3. happy/MVI_5341.MOV,data/landmarks/include50/3._happy_MVI_5341_0133.npz,41,41,258,True,
78._long_MVI_9218_0134,train,Adjectives,78. long,Adjectives/78. long/MVI_9218.MOV,data/landmarks/include50/78._long_MVI_9218_0134.npz,53,53,258,True,
87._hot_MVI_9330_0135,train,Adjectives,87. hot,Adjectives/87. hot/MVI_9330.MOV,data/landmarks/include50/87._hot_MVI_9330_0135.npz,50,50,258,True,
87._hot_MVI_5297_0136,train,Adjectives,87. hot,Adjectives/87. hot/MVI_5297.MOV,data/landmarks/include50/87._hot_MVI_5297_0136.npz,55,55,258,True,
94._good_MVI_5317_0137,train,Adjectives,94. good,Adjectives/94. good/MVI_5317.MOV,data/landmarks/include50/94._good_MVI_5317_0137.npz,49,49,258,True,
3._happy_MVI_5265_0138,train,Adjectives,3. happy,Adjectives/3. happy/MVI_5265.MOV,data/landmarks/include50/3._happy_MVI_5265_0138.npz,48,48,258,True,
91._new_MVI_5151_0139,train,Adjectives,91. new,Adjectives/91. new/MVI_5151.MOV,data/landmarks/include50/91._new_MVI_5151_0139.npz,59,59,258,True,
2._quiet_MVI_5262_0140,train,Adjectives,2. quiet,Adjectives/2. quiet/MVI_5262.MOV,data/landmarks/include50/2._quiet_MVI_5262_0140.npz,66,66,258,True,
84._small_little_MVI_9479_0141,train,Adjectives,84. small little,Adjectives/84. small little/MVI_9479.MOV,data/landmarks/include50/84._small_little_MVI_9479_0141.npz,52,52,258,True,
84._small_little_MVI_9321_0142,train,Adjectives,84. small little,Adjectives/84. small little/MVI_9321.MOV,data/landmarks/include50/84._small_little_MVI_9321_0142.npz,54,54,258,True,
87._hot_MVI_9247_0143,train,Adjectives,87. hot,Adjectives/87. hot/MVI_9247.MOV,data/landmarks/include50/87._hot_MVI_9247_0143.npz,55,55,258,True,
97._dry_MVI_9522_0144,train,Adjectives,97. dry,Adjectives/97. dry/MVI_9522.MOV,data/landmarks/include50/97._dry_MVI_9522_0144.npz,64,64,258,True,
84._small_little_MVI_9478_0145,train,Adjectives,84. small little,Adjectives/84. small little/MVI_9478.MOV,data/landmarks/include50/84._small_little_MVI_9478_0145.npz,54,54,258,True,
94._good_MVI_5160_0146,train,Adjectives,94. good,Adjectives/94. good/MVI_5160.MOV,data/landmarks/include50/94._good_MVI_5160_0146.npz,62,62,258,True,
78._long_MVI_9459_0147,train,Adjectives,78. long,Adjectives/78. long/MVI_9459.MOV,data/landmarks/include50/78._long_MVI_9459_0147.npz,51,51,258,True,
79._short_MVI_9461_0148,train,Adjectives,79. short,Adjectives/79. short/MVI_9461.MOV,data/landmarks/include50/79._short_MVI_9461_0148.npz,57,57,258,True,
94._good_MVI_9351_0149,train,Adjectives,94. good,Adjectives/94. good/MVI_9351.MOV,data/landmarks/include50/94._good_MVI_9351_0149.npz,50,50,258,True,
78._long_MVI_5107_0150,train,Adjectives,78. long,Adjectives/78. long/MVI_5107.MOV,data/landmarks/include50/78._long_MVI_5107_0150.npz,71,71,258,True,
94._good_MVI_9268_0151,train,Adjectives,94. good,Adjectives/94. good/MVI_9268.MOV,data/landmarks/include50/94._good_MVI_9268_0151.npz,46,46,258,True,
3._happy_MVI_9374_0152,train,Adjectives,3. happy,Adjectives/3. happy/MVI_9374.MOV,data/landmarks/include50/3._happy_MVI_9374_0152.npz,45,45,258,True,
84._small_little_MVI_9400_0153,train,Adjectives,84. small little,Adjectives/84. small little/MVI_9400.MOV,data/landmarks/include50/84._small_little_MVI_9400_0153.npz,53,53,258,True,
2._quiet_MVI_9373_0154,train,Adjectives,2. quiet,Adjectives/2. quiet/MVI_9373.MOV,data/landmarks/include50/2._quiet_MVI_9373_0154.npz,47,47,258,True,
79._short_MVI_5111_0155,train,Adjectives,79. short,Adjectives/79. short/MVI_5111.MOV,data/landmarks/include50/79._short_MVI_5111_0155.npz,68,68,258,True,
84._small_little_MVI_9238_0156,train,Adjectives,84. small little,Adjectives/84. small little/MVI_9238.MOV,data/landmarks/include50/84._small_little_MVI_9238_0156.npz,51,51,258,True,
2._quiet_MVI_9292_0157,train,Adjectives,2. quiet,Adjectives/2. quiet/MVI_9292.MOV,data/landmarks/include50/2._quiet_MVI_9292_0157.npz,53,53,258,True,
78._long_MVI_9458_0158,train,Adjectives,78. long,Adjectives/78. long/MVI_9458.MOV,data/landmarks/include50/78._long_MVI_9458_0158.npz,56,56,258,True,
91._new_MVI_5307_0159,train,Adjectives,91. new,Adjectives/91. new/MVI_5307.MOV,data/landmarks/include50/91._new_MVI_5307_0159.npz,39,39,258,True,
84._small_little_MVI_5307_0160,train,Adjectives,84. small little,Adjectives/91. new/MVI_5307.MOV,data/landmarks/include50/84._small_little_MVI_5307_0160.npz,39,39,258,True,
84._small_little_MVI_5207_0161,train,Adjectives,84. small little,Adjectives/84. small little/MVI_5207.MOV,data/landmarks/include50/84._small_little_MVI_5207_0161.npz,57,57,258,True,
83._big_large_MVI_9477_0162,train,Adjectives,83. big large,Adjectives/83. big large/MVI_9477.MOV,data/landmarks/include50/83._big_large_MVI_9477_0162.npz,56,56,258,True,
83._big_large_MVI_9476_0163,train,Adjectives,83. big large,Adjectives/83. big large/MVI_9476.MOV,data/landmarks/include50/83._big_large_MVI_9476_0163.npz,54,54,258,True,
83._big_large_MVI_9235_0164,train,Adjectives,83. big large,Adjectives/83. big large/MVI_9235.MOV,data/landmarks/include50/83._big_large_MVI_9235_0164.npz,46,46,258,True,
91._new_MVI_9340_0165,train,Adjectives,91. new,Adjectives/91. new/MVI_9340.MOV,data/landmarks/include50/91._new_MVI_9340_0165.npz,49,49,258,True,
83._big_large_MVI_9394_0166,train,Adjectives,83. big large,Adjectives/83. big large/MVI_9394.MOV,data/landmarks/include50/83._big_large_MVI_9394_0166.npz,59,59,258,True,
3._happy_MVI_5343_0167,train,Adjectives,3. happy,Adjectives/3. happy/MVI_5343.MOV,data/landmarks/include50/3._happy_MVI_5343_0167.npz,73,73,258,True,
84._small_little_MVI_9480_0168,train,Adjectives,84. small little,Adjectives/84. small little/MVI_9480.MOV,data/landmarks/include50/84._small_little_MVI_9480_0168.npz,55,55,258,True,
3._happy_MVI_9376_0169,val,Adjectives,3. happy,Adjectives/3. happy/MVI_9376.MOV,data/landmarks/include50/3._happy_MVI_9376_0169.npz,36,36,258,True,
84._small_little_MVI_9237_0170,val,Adjectives,84. small little,Adjectives/84. small little/MVI_9237.MOV,data/landmarks/include50/84._small_little_MVI_9237_0170.npz,52,52,258,True,
2._quiet_MVI_9537_0171,val,Adjectives,2. quiet,Adjectives/2. quiet/MVI_9537.MOV,data/landmarks/include50/2._quiet_MVI_9537_0171.npz,69,69,258,True,
3._happy_MVI_9456_0172,val,Adjectives,3. happy,Adjectives/3. happy/MVI_9456.MOV,data/landmarks/include50/3._happy_MVI_9456_0172.npz,43,43,258,True,
78._long_MVI_5267_0173,val,Adjectives,78. long,Adjectives/78. long/MVI_5267.MOV,data/landmarks/include50/78._long_MVI_5267_0173.npz,62,62,258,True,
1._loud_MVI_9534_0174,val,Adjectives,1. loud,Adjectives/1. loud/MVI_9534.MOV,data/landmarks/include50/1._loud_MVI_9534_0174.npz,56,56,258,True,
1._loud_MVI_5178_0175,val,Adjectives,1. loud,Adjectives/1. loud/MVI_5178.MOV,data/landmarks/include50/1._loud_MVI_5178_0175.npz,64,64,258,True,
87._hot_MVI_9410_0176,val,Adjectives,87. hot,Adjectives/87. hot/MVI_9410.MOV,data/landmarks/include50/87._hot_MVI_9410_0176.npz,56,56,258,True,
84._small_little_MVI_5208_0177,val,Adjectives,84. small little,Adjectives/84. small little/MVI_5208.MOV,data/landmarks/include50/84._small_little_MVI_5208_0177.npz,58,58,258,True,
79._short_MVI_9302_0178,val,Adjectives,79. short,Adjectives/79. short/MVI_9302.MOV,data/landmarks/include50/79._short_MVI_9302_0178.npz,44,44,258,True,
97._dry_MVI_9361_0179,val,Adjectives,97. dry,Adjectives/97. dry/MVI_9361.MOV,data/landmarks/include50/97._dry_MVI_9361_0179.npz,53,53,258,True,
97._dry_MVI_5248_0180,val,Adjectives,97. dry,Adjectives/97. dry/MVI_5248.MOV,data/landmarks/include50/97._dry_MVI_5248_0180.npz,58,58,258,True,
2._quiet_MVI_5340_0181,val,Adjectives,2. quiet,Adjectives/2. quiet/MVI_5340.MOV,data/landmarks/include50/2._quiet_MVI_5340_0181.npz,53,53,258,True,
91._new_MVI_9261_0182,val,Adjectives,91. new,Adjectives/91. new/MVI_9261.MOV,data/landmarks/include50/91._new_MVI_9261_0182.npz,49,49,258,True,
94._good_MVI_5159_0183,val,Adjectives,94. good,Adjectives/94. good/MVI_5159.MOV,data/landmarks/include50/94._good_MVI_5159_0183.npz,63,63,258,True,
83._big_large_MVI_5125_0184,val,Adjectives,83. big large,Adjectives/83. big large/MVI_5125.MOV,data/landmarks/include50/83._big_large_MVI_5125_0184.npz,71,71,258,True,
79._short_MVI_5190_0185,val,Adjectives,79. short,Adjectives/79. short/MVI_5190.MOV,data/landmarks/include50/79._short_MVI_5190_0185.npz,56,56,258,True,
91._new_MVI_9423_0186,val,Adjectives,91. new,Adjectives/91. new/MVI_9423.MOV,data/landmarks/include50/91._new_MVI_9423_0186.npz,49,49,258,True,
83._big_large_MVI_9396_0187,val,Adjectives,83. big large,Adjectives/83. big large/MVI_9396.MOV,data/landmarks/include50/83._big_large_MVI_9396_0187.npz,56,56,258,True,
94._good_MVI_9350_0188,val,Adjectives,94. good,Adjectives/94. good/MVI_9350.MOV,data/landmarks/include50/94._good_MVI_9350_0188.npz,45,45,258,True,
84._small_little_MVI_9320_0189,test,Adjectives,84. small little,Adjectives/84. small little/MVI_9320.MOV,data/landmarks/include50/84._small_little_MVI_9320_0189.npz,52,52,258,True,
79._short_MVI_9303_0190,test,Adjectives,79. short,Adjectives/79. short/MVI_9303.MOV,data/landmarks/include50/79._short_MVI_9303_0190.npz,49,49,258,True,
87._hot_MVI_9248_0191,test,Adjectives,87. hot,Adjectives/87. hot/MVI_9248.MOV,data/landmarks/include50/87._hot_MVI_9248_0191.npz,48,48,258,True,
79._short_MVI_5191_0192,test,Adjectives,79. short,Adjectives/79. short/MVI_5191.MOV,data/landmarks/include50/79._short_MVI_5191_0192.npz,64,64,258,True,
2._quiet_MVI_9539_0193,test,Adjectives,2. quiet,Adjectives/2. quiet/MVI_9539.MOV,data/landmarks/include50/2._quiet_MVI_9539_0193.npz,65,65,258,True,
94._good_MVI_9430_0194,test,Adjectives,94. good,Adjectives/94. good/MVI_9430.MOV,data/landmarks/include50/94._good_MVI_9430_0194.npz,67,67,258,True,
84._small_little_MVI_5127_0195,test,Adjectives,84. small little,Adjectives/84. small little/MVI_5127.MOV,data/landmarks/include50/84._small_little_MVI_5127_0195.npz,80,80,258,True,
3._happy_MVI_9297_0196,test,Adjectives,3. happy,Adjectives/3. happy/MVI_9297.MOV,data/landmarks/include50/3._happy_MVI_9297_0196.npz,48,48,258,True,
87._hot_MVI_9489_0197,test,Adjectives,87. hot,Adjectives/87. hot/MVI_9489.MOV,data/landmarks/include50/87._hot_MVI_9489_0197.npz,62,62,258,True,
78._long_MVI_9379_0198,test,Adjectives,78. long,Adjectives/78. long/MVI_9379.MOV,data/landmarks/include50/78._long_MVI_9379_0198.npz,52,52,258,True,
87._hot_MVI_9487_0199,test,Adjectives,87. hot,Adjectives/87. hot/MVI_9487.MOV,data/landmarks/include50/87._hot_MVI_9487_0199.npz,63,63,258,True,
83._big_large_MVI_5283_0200,test,Adjectives,83. big large,Adjectives/83. big large/MVI_5283.MOV,data/landmarks/include50/83._big_large_MVI_5283_0200.npz,57,57,258,True,
1._loud_MVI_9369_0201,test,Adjectives,1. loud,Adjectives/1. loud/MVI_9369.MOV,data/landmarks/include50/1._loud_MVI_9369_0201.npz,48,48,258,True,
87._hot_MVI_9408_0202,test,Adjectives,87. hot,Adjectives/87. hot/MVI_9408.MOV,data/landmarks/include50/87._hot_MVI_9408_0202.npz,63,63,258,True,
79._short_MVI_9220_0203,test,Adjectives,79. short,Adjectives/79. short/MVI_9220.MOV,data/landmarks/include50/79._short_MVI_9220_0203.npz,49,49,258,True,
83._big_large_MVI_9475_0204,test,Adjectives,83. big large,Adjectives/83. big large/MVI_9475.MOV,data/landmarks/include50/83._big_large_MVI_9475_0204.npz,54,54,258,True,
1._loud_MVI_9289_0205,test,Adjectives,1. loud,Adjectives/1. loud/MVI_9289.MOV,data/landmarks/include50/1._loud_MVI_9289_0205.npz,55,55,258,True,
1._loud_MVI_5258_0206,test,Adjectives,1. loud,Adjectives/1. loud/MVI_5258.MOV,data/landmarks/include50/1._loud_MVI_5258_0206.npz,76,76,258,True,
91._new_MVI_5230_0207,test,Adjectives,91. new,Adjectives/91. new/MVI_5230.MOV,data/landmarks/include50/91._new_MVI_5230_0207.npz,57,57,258,True,
87._hot_MVI_5216_0208,test,Adjectives,87. hot,Adjectives/87. hot/MVI_5216.MOV,data/landmarks/include50/87._hot_MVI_5216_0208.npz,57,57,258,True,
1._loud_MVI_9536_0209,test,Adjectives,1. loud,Adjectives/1. loud/MVI_9536.MOV,data/landmarks/include50/1._loud_MVI_9536_0209.npz,57,57,258,True,
2._quiet_MVI_5180_0210,test,Adjectives,2. quiet,Adjectives/2. quiet/MVI_5180.MOV,data/landmarks/include50/2._quiet_MVI_5180_0210.npz,68,68,258,True,
83._big_large_MVI_5203_0211,test,Adjectives,83. big large,Adjectives/83. big large/MVI_5203.MOV,data/landmarks/include50/83._big_large_MVI_5203_0211.npz,65,65,258,True,
78._long_MVI_9219_0212,test,Adjectives,78. long,Adjectives/78. long/MVI_9219.MOV,data/landmarks/include50/78._long_MVI_9219_0212.npz,53,53,258,True,
78._long_MVI_9300_0213,test,Adjectives,78. long,Adjectives/78. long/MVI_9300.MOV,data/landmarks/include50/78._long_MVI_9300_0213.npz,56,56,258,True,
94._good_MVI_5158_0214,test,Adjectives,94. good,Adjectives/94. good/MVI_5158.MOV,data/landmarks/include50/94._good_MVI_5158_0214.npz,73,73,258,True,
78._long_MVI_5268_0215,test,Adjectives,78. long,Adjectives/78. long/MVI_5268.MOV,data/landmarks/include50/78._long_MVI_5268_0215.npz,60,60,258,True,
78._long_MVI_5106_0216,test,Adjectives,78. long,Adjectives/78. long/MVI_5106.MOV,data/landmarks/include50/78._long_MVI_5106_0216.npz,68,68,258,True,
84._small_little_MVI_5206_0217,test,Adjectives,84. small little,Adjectives/84. small little/MVI_5206.MOV,data/landmarks/include50/84._small_little_MVI_5206_0217.npz,53,53,258,True,
78._long_MVI_9377_0218,test,Adjectives,78. long,Adjectives/78. long/MVI_9377.MOV,data/landmarks/include50/78._long_MVI_9377_0218.npz,53,53,258,True,
3._happy_MVI_5263_0219,test,Adjectives,3. happy,Adjectives/3. happy/MVI_5263.MOV,data/landmarks/include50/3._happy_MVI_5263_0219.npz,53,53,258,True,
83._big_large_MVI_9395_0220,test,Adjectives,83. big large,Adjectives/83. big large/MVI_9395.MOV,data/landmarks/include50/83._big_large_MVI_9395_0220.npz,57,57,258,True,
94._good_MVI_5239_0221,test,Adjectives,94. good,Adjectives/94. good/MVI_5239.MOV,data/landmarks/include50/94._good_MVI_5239_0221.npz,56,56,258,True,
1._loud_MVI_5177_0222,test,Adjectives,1. loud,Adjectives/1. loud/MVI_5177.MOV,data/landmarks/include50/1._loud_MVI_5177_0222.npz,56,56,258,True,
79._short_MVI_5271_0223,test,Adjectives,79. short,Adjectives/79. short/MVI_5271.MOV,data/landmarks/include50/79._short_MVI_5271_0223.npz,52,52,258,True,
3._happy_MVI_5183_0224,test,Adjectives,3. happy,Adjectives/3. happy/MVI_5183.MOV,data/landmarks/include50/3._happy_MVI_5183_0224.npz,71,71,258,True,
91._new_MVI_5150_0225,test,Adjectives,91. new,Adjectives/91. new/MVI_5150.MOV,data/landmarks/include50/91._new_MVI_5150_0225.npz,64,64,258,True,
91._new_MVI_9501_0226,test,Adjectives,91. new,Adjectives/91. new/MVI_9501.MOV,data/landmarks/include50/91._new_MVI_9501_0226.npz,49,49,258,True,
79._short_MVI_9462_0227,test,Adjectives,79. short,Adjectives/79. short/MVI_9462.MOV,data/landmarks/include50/79._short_MVI_9462_0227.npz,54,54,258,True,
84._small_little_MVI_9397_0228,test,Adjectives,84. small little,Adjectives/84. small little/MVI_9397.MOV,data/landmarks/include50/84._small_little_MVI_9397_0228.npz,51,51,258,True,
1._loud_MVI_5259_0229,test,Adjectives,1. loud,Adjectives/1. loud/MVI_5259.MOV,data/landmarks/include50/1._loud_MVI_5259_0229.npz,64,64,258,True,
87._hot_MVI_9329_0230,test,Adjectives,87. hot,Adjectives/87. hot/MVI_9329.MOV,data/landmarks/include50/87._hot_MVI_9329_0230.npz,53,53,258,True,
79._short_MVI_9222_0231,test,Adjectives,79. short,Adjectives/79. short/MVI_9222.MOV,data/landmarks/include50/79._short_MVI_9222_0231.npz,49,49,258,True,
2._quiet_MVI_9372_0232,test,Adjectives,2. quiet,Adjectives/2. quiet/MVI_9372.MOV,data/landmarks/include50/2._quiet_MVI_9372_0232.npz,47,47,258,True,
